[
  {
    "Reference": "Grass",
    "Name": "Grass",
    "IsDefault": false,
    "SeedRange": {
      "Min": 0,
      "Max": 123456
    },
    "MinHeight": 0.1,
    "MaxHeight": 0.9,
    "Entities": [
      {
        "IsReferenced": true,
        "IsLoadingRequired": true,
        "TestFlag": true,
        "Reference": "Flower1",
        "Chance": 0.005
      },
      {
        "IsReferenced": true,
        "IsLoadingRequired": true,
        "TestFlag": true,
        "Reference": "Flower2",
        "Chance": 0.01
      },
      {
        "IsReferenced": true,
        "IsLoadingRequired": true,
        "TestFlag": true,
        "Reference": "Flower3",
        "Chance": 0.01
      },
      {
        "IsReferenced": true,
        "IsLoadingRequired": true,
        "TestFlag": true,
        "Reference": "StoneGroup",
        "Chance": 0.0001
      }
    ]
  },
  {
    "Reference": "Desert",
    "Name": "Desert",
    "IsDefault": false,
    "SeedRange": {
      "Min": 0,
      "Max": 123456
    },
    "MinHeight": 0.5,
    "MaxHeight": 0.7,
    "Entities": [
      {
        "IsReferenced": true,
        "IsLoadingRequired": true,
        "TestFlag": true,
        "Reference": "Flower1",
        "Chance": 0.00005
      },
      {
        "IsReferenced": true,
        "IsLoadingRequired": true,
        "TestFlag": true,
        "Reference": "StoneGroup",
        "Chance": 0.01
      },
      {
        "IsReferenced": true,
        "IsLoadingRequired": true,
        "TestFlag": true,
        "Reference": "StoneSingle",
        "Chance": 0.0001
      }
    ]
  },
  {
    "Reference": "Forrest",
    "Name": "Forrest",
    "IsDefault": false,
    "SeedRange": {
      "Min": 0,
      "Max": 123456
    },
    "MinHeight": 0.1,
    "MaxHeight": 0.7,
    "Entities": [
      {
        "IsReferenced": true,
        "IsLoadingRequired": true,
        "TestFlag": true,
        "Reference": "Flower1",
        "Chance": 0.025
      },
      {
        "IsReferenced": true,
        "IsLoadingRequired": true,
        "TestFlag": true,
        "Reference": "Flower2",
        "Chance": 0.005
      },
      {
        "IsReferenced": true,
        "IsLoadingRequired": true,
        "TestFlag": true,
        "Reference": "Flower3",
        "Chance": 0.0001
      },
      {
        "IsReferenced": true,
        "IsLoadingRequired": true,
        "TestFlag": true,
        "Reference": "StoneSingle",
        "Chance": 0.001
      }
    ]
  },
  {
    "Reference": "Water",
    "Name": "Water",
    "IsDefault": false,
    "SeedRange": {
      "Min": 0,
      "Max": 123456
    },
    "MinHeight": 0.0,
    "MaxHeight": 0.1,
    "Entities": [
      {
        "IsReferenced": true,
        "IsLoadingRequired": true,
        "TestFlag": true,
        "Reference": "StoneSingle",
        "Chance": 0.01
      }
    ],
    "Hazards": [
      {
        "IsReferenced": true,
        "IsLoadingRequired": true,
        "TestFlag": true,
        "Reference": "DirectionalDraft",
        "Chance": 0.2
      }
    ]
  },
  {
    "Reference": "Mountain",
    "Name": "Mountain",
    "IsDefault": false,
    "SeedRange": {
      "Min": 0,
      "Max": 123456
    },
    "MinHeight": 0.9,
    "MaxHeight": 1,
    "Entities": [
      {
        "IsReferenced": true,
        "IsLoadingRequired": true,
        "TestFlag": true,
        "Reference": "StoneGroup",
        "Chance": 0.0001
      },
      {
        "IsReferenced": true,
        "IsLoadingRequired": true,
        "TestFlag": true,
        "Reference": "StoneSingle",
        "Chance": 0.01
      }
    ],
    "Hazards": [
      {
        "IsReferenced": true,
        "IsLoadingRequired": true,
        "TestFlag": true,
        "Reference": "DirectionalDraft",
        "Chance": 0.2
      }
    ]
  }
]