[
  {
    "Reference": "Default",
    "Name": "Default game mode",
    "TestFlag": true,
    "World": {
      "ChunkSize": 32,
      "BiomeSeedRange": {
        "Min": 0,
        "Max": 1
      },
      "TerrainSeedRange": {
        "Min": 0,
        "Max": 1
      },
      "TerrainScale": 0.085,
      "Biomes": [
        {
          "IsReferenced": true,
          "IsLoadingRequired": true,
          "TestFlag": true,
          "Reference": "Grass",
          "IsDefault": true
        },
        {
          "IsReferenced": true,
          "IsLoadingRequired": true,
          "TestFlag": true,
          "Reference": "Desert"
        },
        {
          "IsReferenced": true,
          "IsLoadingRequired": true,
          "TestFlag": true,
          "Reference": "Forrest"
        },
        {
          "IsReferenced": true,
          "IsLoadingRequired": true,
          "TestFlag": true,
          "Reference": "Water"
        },
        {
          "IsReferenced": true,
          "IsLoadingRequired": true,
          "TestFlag": true,
          "Reference": "Mountain"
        }
      ]
    },
    "Biomes": [
      {
        "IsReferenced": true,
        "IsLoadingRequired": true,
        "TestFlag": true,
        "Reference": "Grass",
        "IsDefault": true
      },
      {
        "IsReferenced": true,
        "IsLoadingRequired": true,
        "TestFlag": true,
        "Reference": "Desert"
      },
      {
        "IsReferenced": true,
        "IsLoadingRequired": true,
        "TestFlag": true,
        "Reference": "Forrest"
      },
      {
        "IsReferenced": true,
        "IsLoadingRequired": true,
        "TestFlag": true,
        "Reference": "Water"
      },
      {
        "IsReferenced": true,
        "IsLoadingRequired": true,
        "TestFlag": true,
        "Reference": "Mountain"
      }
    ]
  }
]